id,category,model,variant,retailer,url,status,image_source,file,error
1,BABY GEAR,LITTLE ONE Kodiak Beige,Beige black chassis,BabyOne,https://www.babyone.ch/kombi-kinderwagen/little-one/kodiak-beige/2000588679504.html,DOWNLOADED — VERIFY VARIANT,https://www.babyone.ch/media/600x600/fd/2e/52/1763450509/58867950_shop1.jpg,01_little_one_kodiak_beige.webp,
2,BABY GEAR,Britax Römer DUALFIX Plus i-Size,Midnight grey,Baby Walz,https://www.baby-walz.ch/de/p/britax-roemer-smart-kindersitz-dualfix-plus-i-size-midnight-grey-7809638/,DOWNLOADED — VERIFY VARIANT,https://walz-live.cdn.aboutyou.cloud/images/72b6f9961eb482acc2a049583d8adb1d.jpg?quality=90&height=600&width=600,02_britax_r_mer_dualfix_plus_i_size.webp,
3,FURNITURE & STUDY,Cilek Mocha chest of drawers,Oak three drawers,Pfister,https://www.pfister.ch/de/produkt/35791/cilek-kommode-mocha,DOWNLOADED — VERIFY VARIANT,https://static.pfister.ch/blob/1468241D3F647C5EFCDCB41CE48C38BC,03_cilek_mocha_chest_of_drawers.webp,
4,NURSERY,Philips Avent SCD882/26 Advanced,White,BabyOne,https://www.babyone.ch/video-babyphone/philips-avent/video-babyphone-scd882/26-advanced/2000585503307.html,DOWNLOADED — VERIFY VARIANT,https://www.babyone.ch/media/600x600/e5/32/42/1692759715/58550330_shop1.png,04_philips_avent_scd882_26_advanced.webp,
5,BABY GEAR,Britax Römer SWIVEL,Space black,Baby Walz,https://www.baby-walz.ch/de/p/britax-roemer-select-kindersitz-swivel-space-black-8253803/,DOWNLOADED — VERIFY VARIANT,https://walz-live.cdn.aboutyou.cloud/images/8cdab0c1875d42daaaf6365a190b72a3.jpg?quality=90&height=600&width=600,05_britax_r_mer_swivel.webp,
6,BABY GEAR,Maxi-Cosi Kore Pro,Authentic grey,Baby Walz,https://www.baby-walz.ch/de/p/maxi-cosi-kindersitz-kore-pro-authentic-grey-7125607/,DOWNLOADED — VERIFY VARIANT,https://walz-live.cdn.aboutyou.cloud/images/81b67e17caad1c0820c3623814deccd8.jpg?quality=90&height=600&width=600,06_maxi_cosi_kore_pro.webp,
7,FURNITURE & STUDY,JAXX Kiddy children's desk,White,Pfister,https://www.pfister.ch/de/produkt/40728/jaxx-schreibtisch-kiddy,DOWNLOADED — VERIFY VARIANT,https://static.pfister.ch/i/0C8023A5E4B02E1E1F4AD8A3EE178327,07_jaxx_kiddy_children_s_desk.webp,
8,NURSERY,Cilek Nuria cradle,Beech cream white canopy,Pfister,https://www.pfister.ch/de/produkt/41204/cilek-babywiege-nuria,DOWNLOADED — VERIFY VARIANT,https://static.pfister.ch/blob/E5C31CA9C2E5ABF800BB5431BAA1693C,08_cilek_nuria_cradle.webp,
9,NURSERY,baby-walz BASICS Baby Spa Deluxe XL,White XL,Baby Walz,https://www.baby-walz.ch/de/p/baby-walz-basics-badeeimer-baby-spa-deluxe-xl-weiss-7915080/,DOWNLOADED — VERIFY VARIANT,https://walz-live.cdn.aboutyou.cloud/images/f1ecf94efe87f31388f464d4d0e73284.jpg?quality=90&height=600&width=600,09_baby_walz_basics_baby_spa_deluxe_xl.webp,
10,BABY GEAR,Kinderkraft MINK PRO,Black,Baby Walz,https://www.baby-walz.ch/de/p/kinderkraft-babyschale-mink-pro-black-8227306/,DOWNLOADED — VERIFY VARIANT,https://walz-live.cdn.aboutyou.cloud/images/51ae3a96da967c6a3d95859f51a34eee.jpg?quality=90&height=600&width=600,10_kinderkraft_mink_pro.webp,
11,NURSERY,Philips Avent Natural Response 8-piece glass bottle set,Glass from birth,Baby Walz,https://www.baby-walz.ch/de/p/philips-avent-8-tlg-babyflaschen-set-natural-response-glas-ab-geburt-7835485/,DOWNLOADED — VERIFY VARIANT,https://walz-live.cdn.aboutyou.cloud/images/26593497d375f2bfd59e0d42d5be9f4e.jpg?quality=90&height=600&width=600,11_philips_avent_natural_response_8_piece_glass_bottle_.webp,
12,SHOES,Robeez Uni crawling slippers,Navy 23/24,Baby Walz,https://www.baby-walz.ch/de/p/robeez-krabbel-und-hausschuhe-uni-marine-7185880/?variant=7185880_23/24,DOWNLOADED — VERIFY VARIANT,https://walz-live.cdn.aboutyou.cloud/images/18b0ea9ac96f51d370afa9ef54c4caef.jpg?quality=90&height=600&width=600,12_robeez_uni_crawling_slippers.webp,
13,SHOES,Sterntaler Sneaker Streifen,White yellow EU22,Baby Walz,https://www.baby-walz.ch/de/p/sterntaler-sneaker-streifen-weiss-gelb-8316112/?variant=8316112_22,DOWNLOADED — VERIFY VARIANT,https://walz-live.cdn.aboutyou.cloud/images/e835b92567ac9fa690ad82fc4e51ecf2.jpg?quality=90&height=600&width=600,13_sterntaler_sneaker_streifen.webp,
14,SHOES,Sterntaler Babyschuhe Leo,Pink black 15/16,Baby Walz,https://www.baby-walz.ch/de/p/sterntaler-babyschuhe-leo-rosa-schwarz-8316074/?variant=8316074_15/16,DOWNLOADED — VERIFY VARIANT,https://walz-live.cdn.aboutyou.cloud/images/1d945587d02afa6895ab828c0bf6b9f0.jpg?quality=90&height=600&width=600,14_sterntaler_babyschuhe_leo.webp,
15,SHOES,Sterntaler Halbschuhe mit Klettverschluss,Pink EU23,Baby Walz,https://www.baby-walz.ch/de/p/sterntaler-halbschuhe-mit-klettverschluss-rosa-8316104/?variant=8316104_23,DOWNLOADED — VERIFY VARIANT,https://walz-live.cdn.aboutyou.cloud/images/bb5d80c6ecc764a197d080a75db52621.jpg?quality=90&height=600&width=600,15_sterntaler_halbschuhe_mit_klettverschluss.webp,
16,TOYS,LEGO Technic 42204 Toyota Supra MK4,810 pieces,Baby Walz,https://www.baby-walz.ch/de/p/lego-technic-42204-fast-and-furious-toyota-supra-mk4-8252491/,DOWNLOADED — VERIFY VARIANT,https://walz-live.cdn.aboutyou.cloud/images/7303dc03ffddf88487d9c6b0226f5f62.jpg?quality=90&height=600&width=600,16_lego_technic_42204_toyota_supra_mk4.webp,
17,CLOTHES,Sterntaler Einhörner Regenbögen beanie,Pink multicolour size 43,Baby Walz,https://www.baby-walz.ch/de/p/sterntaler-beanie-mit-uv-schutz-einhoerner-regenboegen-rosa-bunt-8315175/?variant=8315175_43,DOWNLOADED — VERIFY VARIANT,https://walz-live.cdn.aboutyou.cloud/images/87ad0d6d97a6cc38b2c8235bee6b810b.jpg?quality=90&height=600&width=600,17_sterntaler_einh_rner_regenb_gen_beanie.webp,
18,SHOES,Sterntaler Ballerinas Herzen,White 17/18,Baby Walz,https://www.baby-walz.ch/de/p/sterntaler-ballerinas-herzen-weiss-5905273/?variant=5905273_17/18,DOWNLOADED — VERIFY VARIANT,https://walz-live.cdn.aboutyou.cloud/images/05474bdf2208f02afab4771663ebdf8b.jpg?quality=90&height=600&width=600,18_sterntaler_ballerinas_herzen.webp,
19,SHOES,Sterntaler Badeschuhe 8217416,Blue 19/20,Baby Walz,https://www.baby-walz.ch/de/p/sterntaler-badeschuhe-blau-8217416/?variant=8217416_19/20,DOWNLOADED — VERIFY VARIANT,https://walz-live.cdn.aboutyou.cloud/images/32b2ada6b82d3f979db75faba3403193.jpg?quality=90&height=600&width=600,19_sterntaler_badeschuhe_8217416.webp,
20,BABY GEAR,STOKKE Tripp Trapp,Oak warm brown,BabyOne,https://www.babyone.ch/treppenhochstuehle/stokke/tripp-trapp-oak-warm-brown/2000587178008.html,DOWNLOADED — VERIFY VARIANT,https://www.babyone.ch/media/600x600/fe/88/e7/1727744430/58717800_shop1.png,20_stokke_tripp_trapp.webp,
21,CLOTHES,Bornino Summer Beach Schildkröte raglan shirt,Light blue 50/56,Baby Walz,https://www.baby-walz.ch/de/p/bornino-summer-beach-raglanshirt-schildkroete-hellblau-7977662/?variant=7977662_50/56,DOWNLOADED — VERIFY VARIANT,https://walz-live.cdn.aboutyou.cloud/images/487da3e8b8e3ad221bf6a88e672d11b2.jpg?quality=90&height=600&width=600,21_bornino_summer_beach_schildkr_te_raglan_shirt.webp,
22,TOYS,solini Schaufel & Rechen set,Red blue two piece,Baby Walz,https://www.baby-walz.ch/de/p/solini-sandspielzeug-schaufel-rechen-set-7863632/,DOWNLOADED — VERIFY VARIANT,https://walz-live.cdn.aboutyou.cloud/images/783b376cc867a4226dd747d0e2809523.jpg?quality=90&height=600&width=600,22_solini_schaufel_rechen_set.webp,
23,TOYS,Kinderkraft AVEO 6in1 tricycle,Grey,Baby Walz,https://www.baby-walz.ch/de/p/kinderkraft-dreirad-6in1-aveo-grau-8301700/,DOWNLOADED — VERIFY VARIANT,https://walz-live.cdn.aboutyou.cloud/images/7eb3a6ad2d1718c10ba97826925835b6.jpg?quality=90&height=600&width=600,23_kinderkraft_aveo_6in1_tricycle.webp,
24,NURSERY,Träumeland Baby cot mattress,60 x 120 cm,Pfister,https://www.pfister.ch/de/produkt/40434/traeumeland-matratze-traeumeland-baby,DOWNLOADED — VERIFY VARIANT,https://static.pfister.ch/i/6BE53857452BCFA307ADCDDF45E1409A,24_tr_umeland_baby_cot_mattress.webp,
25,TOYS,Kinderkraft RAPID 2 balance bike,Savannah green,Baby Walz,https://www.baby-walz.ch/de/p/kinderkraft-laufrad-rapid-2-savannah-green-7965605/,DOWNLOADED — VERIFY VARIANT,https://walz-live.cdn.aboutyou.cloud/images/4b1a317c1ed0232194de83900c4b753c.jpg?quality=90&height=600&width=600,25_kinderkraft_rapid_2_balance_bike.webp,
26,FURNITURE & STUDY,JAXX Kiddy clothes rack,Pine white,Pfister,https://www.pfister.ch/de/produkt/40730/jaxx-kleiderstaender-kiddy,DOWNLOADED — VERIFY VARIANT,https://static.pfister.ch/i/B8219884362BE4D6A7279DBD45B19E9A,26_jaxx_kiddy_clothes_rack.webp,
27,TOYS,tonies Paw Patrol Jungle Pups Chase,German age 3+,Baby Walz,https://www.baby-walz.ch/de/p/tonies-tonie-hoerfigur-paw-patrol-jungle-pups-chase-7982682/,DOWNLOADED — VERIFY VARIANT,https://walz-live.cdn.aboutyou.cloud/images/ef01b095e087ad1eaa688d9ae02de091.jpg?quality=90&height=600&width=600,27_tonies_paw_patrol_jungle_pups_chase.webp,
28,TOYS,BIG Power Worker Mega Kipper,Yellow,Baby Walz,https://www.baby-walz.ch/de/p/big-power-worker-mega-kipper-7931476/,DOWNLOADED — VERIFY VARIANT,https://walz-live.cdn.aboutyou.cloud/images/0d659f894e19595f6aea6dada82c086d.jpg?quality=90&height=600&width=600,28_big_power_worker_mega_kipper.webp,
29,TOYS,Zapf BABY born Glam Up Sparkle mermaid,Pink turquoise,Baby Walz,https://www.baby-walz.ch/de/p/zapf-creation-baby-born-puppe-meerjungfrau-glam-up-sparkle-8372950/,DOWNLOADED — VERIFY VARIANT,https://walz-live.cdn.aboutyou.cloud/images/7af1783753977d84765b8b6a8576bc9f.jpg?quality=90&height=600&width=600,29_zapf_baby_born_glam_up_sparkle_mermaid.webp,
30,CLOTHES,Bornino Sunny Adventure 2-pack bodysuits,Natural green 98/104,Baby Walz,https://www.baby-walz.ch/de/p/bornino-sunny-adventure-2er-pack-bodys-kurzarm-sunny-adventure-natur-gruen-8288151/?variant=8288151_98/104,DOWNLOADED — VERIFY VARIANT,https://walz-live.cdn.aboutyou.cloud/images/fdc4090fffbc0d22075bea14a4f37d7e.jpg?quality=90&height=600&width=600,30_bornino_sunny_adventure_2_pack_bodysuits.webp,
31,CLOTHES,Bornino On the Road 2-pack bodysuits,Natural 86/92,Baby Walz,https://www.baby-walz.ch/de/p/bornino-on-the-road-2er-pack-bodys-kurzarm-on-the-road-natur-8287694/?variant=8287694_86/92,DOWNLOADED — VERIFY VARIANT,https://walz-live.cdn.aboutyou.cloud/images/cd87b9eee1296dd67d3f1a2d8181db29.jpg?quality=90&height=600&width=600,31_bornino_on_the_road_2_pack_bodysuits.webp,
32,CLOTHES,Bornino Sunny Adventure sleepsuit Ringel Tiger,Natural grey 86/92,Baby Walz,https://www.baby-walz.ch/de/p/bornino-sunny-adventure-schlafoverall-ringel-tiger-natur-grau-8288020/?variant=8288020_86/92,DOWNLOADED — VERIFY VARIANT,https://walz-live.cdn.aboutyou.cloud/images/4bb3317241c6dafb75e0d0def37ef6ec.jpg?quality=90&height=600&width=600,32_bornino_sunny_adventure_sleepsuit_ringel_tiger.webp,
33,CLOTHES,Bornino Sunny Adventure jogging trousers,Blue 50/56,Baby Walz,https://www.baby-walz.ch/de/p/bornino-sunny-adventure-jogginghose-blau-8288127/?variant=8288127_50/56,DOWNLOADED — VERIFY VARIANT,https://walz-live.cdn.aboutyou.cloud/images/6912b6bedbf4f83fc83458fd7d70594e.jpg?quality=90&height=600&width=600,33_bornino_sunny_adventure_jogging_trousers.webp,
34,NURSERY,Medela 2-pack breastmilk storage containers,250 ml each,Baby Walz,https://www.baby-walz.ch/de/p/medela-2er-pack-aufbewahrungsbecher-fuer-muttermilch-250ml-641192/,DOWNLOADED — VERIFY VARIANT,https://walz-live.cdn.aboutyou.cloud/images/5814b3cc1d116027ea7ceadfd3a0f6e3.jpg?quality=90&height=600&width=600,34_medela_2_pack_breastmilk_storage_containers.webp,
35,BABY GEAR,Ergobaby Adapt SoftFlex Mesh,Pearl Grey,BabyOne,https://www.babyone.ch/babytragen/ergobaby/adapt-softflex-mesh-pearl-grey/2000581302607.html,DOWNLOADED — VERIFY VARIANT,https://www.babyone.ch/media/600x600/fd/50/e1/1782195284/58130260_shop1.jpg,35_ergobaby_adapt_softflex_mesh.webp,
36,NURSERY,baby-walz BASICS TENCEL fitted sheet,White 60x120 to 70x140 cm,Baby Walz,https://www.baby-walz.ch/de/p/baby-walz-basics-spannbetttuch-tencel-60x120-70x140-cm-white-7970838/,DOWNLOADED — VERIFY VARIANT,https://walz-live.cdn.aboutyou.cloud/images/c54a3263417d46b09cfd00b5f6dfea4e.jpg?quality=90&height=600&width=600,36_baby_walz_basics_tencel_fitted_sheet.webp,
37,NURSERY,baby-walz BASICS Badesitz Deluxe,Pink,Baby Walz,https://www.baby-walz.ch/de/p/baby-walz-basics-badesitz-deluxe-pink-7915020/,DOWNLOADED — VERIFY VARIANT,https://walz-live.cdn.aboutyou.cloud/images/debc37685600e9763ff87ef88ea7ea8f.jpg?quality=90&height=600&width=600,37_baby_walz_basics_badesitz_deluxe.webp,
38,CLOTHES,Tchibo Kinder-Thermo-Regenjacke 206513,Green animal print 86/92,Tchibo,https://www.tchibo.ch/products/107992526012/kinder-thermo-regenjacke-mit-reflektierenden-elementen?article_id=188476691763,DOWNLOADED — VERIFY VARIANT,https://www.tchibo.ch/img/gQAXTSJL/438/image.webp,38_tchibo_kinder_thermo_regenjacke_206513.webp,
39,SHOES,Lässig Badeschuhe 8311080,Light blue EU25,Baby Walz,https://www.baby-walz.ch/de/p/laessig-badeschuhe-hellblau-8311080/?variant=8311080_25,DOWNLOADED — VERIFY VARIANT,https://walz-live.cdn.aboutyou.cloud/images/ab358013c62feeef926b01cbc476c525.jpg?quality=90&height=600&width=600,39_l_ssig_badeschuhe_8311080.webp,
40,CLOTHES,Tchibo Kinder-Thermo-Regenhose 206514,Green animal print 86/92,Tchibo,https://www.tchibo.ch/products/116895822621/kinder-thermo-regenhose-mit-reflektierenden-elementen?article_id=197855370728,DOWNLOADED — VERIFY VARIANT,https://www.tchibo.ch/img/gQgnjyw9/438/image.webp,40_tchibo_kinder_thermo_regenhose_206514.webp,
41,NURSERY,baby-walz BASICS Wickelauflagenbezug,Iceberg Green 85x75 cm,Baby Walz,https://www.baby-walz.ch/de/p/baby-walz-basics-wickelauflagenbezug-85x75-cm-frottee-iceberg-green-7970781/,DOWNLOADED — VERIFY VARIANT,https://walz-live.cdn.aboutyou.cloud/images/9b4e1b0940081e42f20e7d40fdb9aaef.jpg?quality=90&height=600&width=600,41_baby_walz_basics_wickelauflagenbezug.webp,
