id,category,model,variant,retailer,url
1,BABY GEAR,LITTLE ONE Kodiak Beige,Beige black chassis,BabyOne,https://www.babyone.ch/kombi-kinderwagen/little-one/kodiak-beige/2000588679504.html
2,BABY GEAR,Britax Römer DUALFIX Plus i-Size,Midnight grey,Baby Walz,https://www.baby-walz.ch/de/p/britax-roemer-smart-kindersitz-dualfix-plus-i-size-midnight-grey-7809638/
3,FURNITURE & STUDY,Cilek Mocha chest of drawers,Oak three drawers,Pfister,https://www.pfister.ch/de/produkt/35791/cilek-kommode-mocha
4,NURSERY,Philips Avent SCD882/26 Advanced,White,BabyOne,https://www.babyone.ch/video-babyphone/philips-avent/video-babyphone-scd882/26-advanced/2000585503307.html
5,BABY GEAR,Britax Römer SWIVEL,Space black,Baby Walz,https://www.baby-walz.ch/de/p/britax-roemer-select-kindersitz-swivel-space-black-8253803/
6,BABY GEAR,Maxi-Cosi Kore Pro,Authentic grey,Baby Walz,https://www.baby-walz.ch/de/p/maxi-cosi-kindersitz-kore-pro-authentic-grey-7125607/
7,FURNITURE & STUDY,JAXX Kiddy children's desk,White,Pfister,https://www.pfister.ch/de/produkt/40728/jaxx-schreibtisch-kiddy
8,NURSERY,Cilek Nuria cradle,Beech cream white canopy,Pfister,https://www.pfister.ch/de/produkt/41204/cilek-babywiege-nuria
9,NURSERY,baby-walz BASICS Baby Spa Deluxe XL,White XL,Baby Walz,https://www.baby-walz.ch/de/p/baby-walz-basics-badeeimer-baby-spa-deluxe-xl-weiss-7915080/
10,BABY GEAR,Kinderkraft MINK PRO,Black,Baby Walz,https://www.baby-walz.ch/de/p/kinderkraft-babyschale-mink-pro-black-8227306/
11,NURSERY,Philips Avent Natural Response 8-piece glass bottle set,Glass from birth,Baby Walz,https://www.baby-walz.ch/de/p/philips-avent-8-tlg-babyflaschen-set-natural-response-glas-ab-geburt-7835485/
12,SHOES,Robeez Uni crawling slippers,Navy 23/24,Baby Walz,https://www.baby-walz.ch/de/p/robeez-krabbel-und-hausschuhe-uni-marine-7185880/?variant=7185880_23/24
13,SHOES,Sterntaler Sneaker Streifen,White yellow EU22,Baby Walz,https://www.baby-walz.ch/de/p/sterntaler-sneaker-streifen-weiss-gelb-8316112/?variant=8316112_22
14,SHOES,Sterntaler Babyschuhe Leo,Pink black 15/16,Baby Walz,https://www.baby-walz.ch/de/p/sterntaler-babyschuhe-leo-rosa-schwarz-8316074/?variant=8316074_15/16
15,SHOES,Sterntaler Halbschuhe mit Klettverschluss,Pink EU23,Baby Walz,https://www.baby-walz.ch/de/p/sterntaler-halbschuhe-mit-klettverschluss-rosa-8316104/?variant=8316104_23
16,TOYS,LEGO Technic 42204 Toyota Supra MK4,810 pieces,Baby Walz,https://www.baby-walz.ch/de/p/lego-technic-42204-fast-and-furious-toyota-supra-mk4-8252491/
17,CLOTHES,Sterntaler Einhörner Regenbögen beanie,Pink multicolour size 43,Baby Walz,https://www.baby-walz.ch/de/p/sterntaler-beanie-mit-uv-schutz-einhoerner-regenboegen-rosa-bunt-8315175/?variant=8315175_43
18,SHOES,Sterntaler Ballerinas Herzen,White 17/18,Baby Walz,https://www.baby-walz.ch/de/p/sterntaler-ballerinas-herzen-weiss-5905273/?variant=5905273_17/18
19,SHOES,Sterntaler Badeschuhe 8217416,Blue 19/20,Baby Walz,https://www.baby-walz.ch/de/p/sterntaler-badeschuhe-blau-8217416/?variant=8217416_19/20
20,BABY GEAR,STOKKE Tripp Trapp,Oak warm brown,BabyOne,https://www.babyone.ch/treppenhochstuehle/stokke/tripp-trapp-oak-warm-brown/2000587178008.html
21,CLOTHES,Bornino Summer Beach Schildkröte raglan shirt,Light blue 50/56,Baby Walz,https://www.baby-walz.ch/de/p/bornino-summer-beach-raglanshirt-schildkroete-hellblau-7977662/?variant=7977662_50/56
22,TOYS,solini Schaufel & Rechen set,Red blue two piece,Baby Walz,https://www.baby-walz.ch/de/p/solini-sandspielzeug-schaufel-rechen-set-7863632/
23,TOYS,Kinderkraft AVEO 6in1 tricycle,Grey,Baby Walz,https://www.baby-walz.ch/de/p/kinderkraft-dreirad-6in1-aveo-grau-8301700/
24,NURSERY,Träumeland Baby cot mattress,60 x 120 cm,Pfister,https://www.pfister.ch/de/produkt/40434/traeumeland-matratze-traeumeland-baby
25,TOYS,Kinderkraft RAPID 2 balance bike,Savannah green,Baby Walz,https://www.baby-walz.ch/de/p/kinderkraft-laufrad-rapid-2-savannah-green-7965605/
26,FURNITURE & STUDY,JAXX Kiddy clothes rack,Pine white,Pfister,https://www.pfister.ch/de/produkt/40730/jaxx-kleiderstaender-kiddy
27,TOYS,tonies Paw Patrol Jungle Pups Chase,German age 3+,Baby Walz,https://www.baby-walz.ch/de/p/tonies-tonie-hoerfigur-paw-patrol-jungle-pups-chase-7982682/
28,TOYS,BIG Power Worker Mega Kipper,Yellow,Baby Walz,https://www.baby-walz.ch/de/p/big-power-worker-mega-kipper-7931476/
29,TOYS,Zapf BABY born Glam Up Sparkle mermaid,Pink turquoise,Baby Walz,https://www.baby-walz.ch/de/p/zapf-creation-baby-born-puppe-meerjungfrau-glam-up-sparkle-8372950/
30,CLOTHES,Bornino Sunny Adventure 2-pack bodysuits,Natural green 98/104,Baby Walz,https://www.baby-walz.ch/de/p/bornino-sunny-adventure-2er-pack-bodys-kurzarm-sunny-adventure-natur-gruen-8288151/?variant=8288151_98/104
31,CLOTHES,Bornino On the Road 2-pack bodysuits,Natural 86/92,Baby Walz,https://www.baby-walz.ch/de/p/bornino-on-the-road-2er-pack-bodys-kurzarm-on-the-road-natur-8287694/?variant=8287694_86/92
32,CLOTHES,Bornino Sunny Adventure sleepsuit Ringel Tiger,Natural grey 86/92,Baby Walz,https://www.baby-walz.ch/de/p/bornino-sunny-adventure-schlafoverall-ringel-tiger-natur-grau-8288020/?variant=8288020_86/92
33,CLOTHES,Bornino Sunny Adventure jogging trousers,Blue 50/56,Baby Walz,https://www.baby-walz.ch/de/p/bornino-sunny-adventure-jogginghose-blau-8288127/?variant=8288127_50/56
34,NURSERY,Medela 2-pack breastmilk storage containers,250 ml each,Baby Walz,https://www.baby-walz.ch/de/p/medela-2er-pack-aufbewahrungsbecher-fuer-muttermilch-250ml-641192/
35,BABY GEAR,Ergobaby Adapt SoftFlex Mesh,Pearl Grey,BabyOne,https://www.babyone.ch/babytragen/ergobaby/adapt-softflex-mesh-pearl-grey/2000581302607.html
36,NURSERY,baby-walz BASICS TENCEL fitted sheet,White 60x120 to 70x140 cm,Baby Walz,https://www.baby-walz.ch/de/p/baby-walz-basics-spannbetttuch-tencel-60x120-70x140-cm-white-7970838/
37,NURSERY,baby-walz BASICS Badesitz Deluxe,Pink,Baby Walz,https://www.baby-walz.ch/de/p/baby-walz-basics-badesitz-deluxe-pink-7915020/
38,CLOTHES,Tchibo Kinder-Thermo-Regenjacke 206513,Green animal print 86/92,Tchibo,https://www.tchibo.ch/products/107992526012/kinder-thermo-regenjacke-mit-reflektierenden-elementen?article_id=188476691763
39,SHOES,Lässig Badeschuhe 8311080,Light blue EU25,Baby Walz,https://www.baby-walz.ch/de/p/laessig-badeschuhe-hellblau-8311080/?variant=8311080_25
40,CLOTHES,Tchibo Kinder-Thermo-Regenhose 206514,Green animal print 86/92,Tchibo,https://www.tchibo.ch/products/116895822621/kinder-thermo-regenhose-mit-reflektierenden-elementen?article_id=197855370728
41,NURSERY,baby-walz BASICS Wickelauflagenbezug,Iceberg Green 85x75 cm,Baby Walz,https://www.baby-walz.ch/de/p/baby-walz-basics-wickelauflagenbezug-85x75-cm-frottee-iceberg-green-7970781/
